Designator,Footprint,Quantity,Value,LCSC Part #
C1,0603,1,47pF 50V,C1671
C11,0603,1,1nF,C1588
C12,0603,1,C15nF,C1596
C13,0603,1,C3.2nF,C1613
C14,0603,1,8.2nF,C1322360
C15,0603,1,C106nF,C14663
C16,0603,1,C21.2nF,C21122
C17,0603,1,680pF,C1630
C18,0603,1,4.7nF,C53987
C2,1206,1,10uF 50V X5R,C13585
"C3, C4",1206,2,4.7uF 50V X7R,C29823
C5,0603,1,"40V, 330pF",C1664
C6,1206,1,"40V, 2µF",C50254
"C7, C9",0603,2,"50V, 100nF",C14663
C8,0603,1,10nF,C57112
D1,D_SMA,1,SMAJ36A,C19077550
D2,0805,1,LED_PWR,C84256
"D3, D5",Nexperia_CFP3_SOD-123W,2,PMEG6010ELR,C179432
D4,0805,1,LED_VPWR,C84256
J2,PinHeader_1x03_P2.54mm_Vertical,1,TRANSDUCER,
J4,PinHeader_1x03_P2.54mm_Vertical,1,vINN SELECT,C49257
J9,TerminalBlock_4Ucon_1x03_P3.50mm_Horizontal,1,TRANSDUCER,
L1,L_Taiyo-Yuden_NR-60xx,1,L,C16218
R1,1206,1,R10,C17903
R2,1206,1,R200,C25361
R3,0603,1,R330,C23138
R4,0603,1,374k,C25815
R5,0603,1,R2.2k,C4190
R6,0805,1,0OHM,C17477
R7,0603,1,13.7k,C325658
R8,0603,1,75k,C23242
R9,0603,1,10k,C25804
SW1,SW_Push_1P1T_NO_CK_KSC7xxJ,1,RST,C318884
U1,QFN-20-1EP_4x4mm_P0.5mm_EP2.5x2.5mm_ThermalVias,1,TUSS4470TRTJR,C1855776
U2,SOT-23-5,1,LM2733XMF,
