Designator,Mid X,Mid Y,Rotation,Layer
C1,76.0,-46.6,0.0,top
C11,120.082052,-50.95,180.0,top
C12,120.1,-48.0,180.0,top
C13,120.1,-49.5,180.0,top
C14,120.175,-62.45,180.0,top
C15,120.175,-65.35,180.0,top
C16,120.175,-63.9,180.0,top
C17,120.1,-52.4,180.0,top
C18,120.175,-61.0,180.0,top
C2,69.0,-49.125,270.0,top
C3,80.4,-51.6,90.0,top
C4,82.8,-51.6,90.0,top
C5,118.0,-58.9,180.0,top
C6,113.2,-52.1,90.0,top
C7,108.1,-53.4,90.0,top
C8,113.4,-62.0,90.0,top
C9,106.625,-74.2,0.0,top
D1,77.2,-54.97,270.0,top
D2,102.4,-75.3,90.0,top
D3,76.8,-50.2,180.0,top
D4,95.445,-47.0,0.0,top
D5,103.8,-47.8,180.0,top
J2,123.8,-55.8,180.0,top
J4,94.265,-52.195,270.0,top
J9,128.9,-57.6,90.0,top
JP2,117.025,-63.0,180.0,top
JP3,117.025,-67.0,180.0,top
JP4,117.025,-65.0,180.0,top
JP5,116.957052,-50.418258,180.0,top
JP6,116.957052,-46.418258,180.0,top
JP7,116.957052,-48.418258,180.0,top
JP8,116.957052,-52.418258,180.0,top
JP9,117.025,-61.0,180.0,top
L1,72.0,-54.6,0.0,top
R1,110.0,-52.6,90.0,top
R2,120.6,-57.6,90.0,top
R3,102.4,-72.1,90.0,top
R4,76.0,-48.2,180.0,top
R5,98.8,-46.8,0.0,top
R6,116.8,-56.6,180.0,top
R7,73.0,-47.0,180.0,top
R8,109.6,-72.6,0.0,top
R9,109.6,-74.2,180.0,top
SW1,72.2,-40.2,0.0,top
U1,112.4625,-57.5,90.0,top
U2,72.4,-49.5875,0.0,top
