﻿Designator,Footprint,Quantity,Value,LCSC Part #
C1,0603,1,C15nF,C1596
C2,0603,1,C106nF,C14663
C3,0201,1,C3.2nF,C1613
C4,0603,1,C21.2nF,
C5,0603,1,"40V, 330pF",C1664
C6,1206,1,"40V, 2µF",C50254
C7,0603,1,"50V, 100nF",C14663
C8,0603,1,10nF,C57112
D1,D_SMA,1,1N4001,C727079
J1,AMASS_XT30PW-M_1x02_P2.50mm_Horizontal,1,VIN,
J2,TerminalBlock_4Ucon_1x02_P3.50mm_Horizontal,1,TRANSDUCER,
J4,PinHeader_1x03_P2.54mm_Vertical,1,VCC SELECT,
R1,1206,1,R10,C17903
R2,1206,1,R200,C18002
U1,QFN-20-1EP_4x4mm_P0.5mm_EP2.5x2.5mm_ThermalVias,1,TUSS4470TRTJR,C1855776
